Workbook

Sheet Products
A1: ProductID | B1: Product | C1: Category | D1: Price
A2: 101 | B2: Product A | C2: Electronics | D2: 120
A3: 102 | B3: Product B | C3: Furniture | D3: 150
A4: 103 | B4: Product C | C4: Electronics | D4: 200
A5: 104 | B5: Product D | C5: Clothing | D5: 90
A6: 105 | B6: Product E | C6: Furniture | D6: 220
A7: 106 | B7: Product F | C7: Electronics | D7: 130

Sheet Orders
A1: OrderID | B1: ProductID | C1: Quantity | D1: UnitPrice | E1: TotalPrice
A2: 1 | B2: 101 | C2: 2
A3: 2 | B3: 103 | C3: 1
A4: 3 | B4: 105 | C4: 4
A5: 4 | B5: 106 | C5: 3
A6: 5 | B6: 102 | C6: 5
A7: 6 | B7: 104 | C7: 6

Sheet T-1
A1: OrderID | B1: ProductID | C1: Quantity | D1: UnitPrice | E1: TotalPrice
A2: 1 | B2: 101 | C2: 2 | D2: =VLOOKUP(B2, Products!A:D, 4, FALSE) -> 120 | E2: =C2 * D2 -> 240
A3: 2 | B3: 103 | C3: 1 | D3: =VLOOKUP(B3, Products!A:D, 4, FALSE) -> 200 | E3: =C3 * D3 -> 200
A4: 3 | B4: 105 | C4: 4 | D4: =VLOOKUP(B4, Products!A:D, 4, FALSE) -> 220 | E4: =C4 * D4 -> 880
A5: 4 | B5: 106 | C5: 3 | D5: =VLOOKUP(B5, Products!A:D, 4, FALSE) -> 130 | E5: =C5 * D5 -> 390
A6: 5 | B6: 102 | C6: 5 | D6: =VLOOKUP(B6, Products!A:D, 4, FALSE) -> 150 | E6: =C6 * D6 -> 750
A7: 6 | B7: 104 | C7: 6 | D7: =VLOOKUP(B7, Products!A:D, 4, FALSE) -> 90 | E7: =C7 * D7 -> 540
A12: 1. Use VLOOKUP to dynamically find the unit price for each ProductID in the Orders worksheet and calculate the total price.

Sheet T-2
A1: OrderID | B1: ProductID | C1: Quantity | D1: UnitPrice | E1: TotalPrice | F1: Category
A2: 1 | B2: 101 | C2: 2 | D2: =VLOOKUP(B2, Products!A:D, 4, FALSE) -> 120 | E2: =C2 * D2 -> 240 | F2: =VLOOKUP( VLOOKUP(B2,Products!A:B,2,FALSE), Products!B:C, 2, FALSE =VLOOKUP( VLOOKUP(B2,Products!A:B,2,FALSE), Products!B:C, 2, FALSE )) -> Electronics
A3: 2 | B3: 103 | C3: 1 | D3: =VLOOKUP(B3, Products!A:D, 4, FALSE) -> 200 | E3: =C3 * D3 -> 200 | F3: =VLOOKUP( VLOOKUP(B3,Products!A:B,2,FALSE), Products!B:C, 2, FALSE =VLOOKUP( VLOOKUP(B3,Products!A:B,2,FALSE), Products!B:C, 2, FALSE )) -> Electronics
A4: 3 | B4: 105 | C4: 4 | D4: =VLOOKUP(B4, Products!A:D, 4, FALSE) -> 220 | E4: =C4 * D4 -> 880 | F4: =VLOOKUP( VLOOKUP(B4,Products!A:B,2,FALSE), Products!B:C, 2, FALSE =VLOOKUP( VLOOKUP(B4,Products!A:B,2,FALSE), Products!B:C, 2, FALSE )) -> Furniture
A5: 4 | B5: 106 | C5: 3 | D5: =VLOOKUP(B5, Products!A:D, 4, FALSE) -> 130 | E5: =C5 * D5 -> 390 | F5: =VLOOKUP( VLOOKUP(B5,Products!A:B,2,FALSE), Products!B:C, 2, FALSE =VLOOKUP( VLOOKUP(B5,Products!A:B,2,FALSE), Products!B:C, 2, FALSE )) -> Electronics
A6: 5 | B6: 102 | C6: 5 | D6: =VLOOKUP(B6, Products!A:D, 4, FALSE) -> 150 | E6: =C6 * D6 -> 750 | F6: =VLOOKUP( VLOOKUP(B6,Products!A:B,2,FALSE), Products!B:C, 2, FALSE =VLOOKUP( VLOOKUP(B6,Products!A:B,2,FALSE), Products!B:C, 2, FALSE )) -> Furniture
A7: 6 | B7: 104 | C7: 6 | D7: =VLOOKUP(B7, Products!A:D, 4, FALSE) -> 90 | E7: =C7 * D7 -> 540 | F7: =VLOOKUP( VLOOKUP(B7,Products!A:B,2,FALSE), Products!B:C, 2, FALSE =VLOOKUP( VLOOKUP(B7,Products!A:B,2,FALSE), Products!B:C, 2, FALSE )) -> Clothing
A11: 2. Use nested VLOOKUP to find the category of each product in the Orders worksheet.

Sheet MonthlySales
B1: Jan | C1: Feb | D1: Mar | E1: Apr | F1: May | H1: May | I1: Feb | J1: Jan
A2: Product A | B2: 120 | C2: 130 | D2: 140 | E2: 150 | F2: 160 | H2: Product B | I2: Product F | J2: Product C
A3: Product B | B3: 150 | C3: 160 | D3: 170 | E3: 180 | F3: 190 | G3: Sales: | H3: =HLOOKUP(H1, MonthlySales!B1:F7, MATCH(H2, MonthlySales!A1:A7, 0), FALSE) -> 190 | I3: =HLOOKUP(I1, MonthlySales!B1:F7, MATCH(I2, MonthlySales!A1:A7, 0), FALSE) -> 140 | J3: =HLOOKUP(J1, MonthlySales!B1:F7, MATCH(J2, MonthlySales!A1:A7, 0), FALSE) -> 200
A4: Product C | B4: 200 | C4: 210 | D4: 220 | E4: 230 | F4: 240
A5: Product D | B5: 90 | C5: 100 | D5: 110 | E5: 120 | F5: 130
A6: Product E | B6: 220 | C6: 230 | D6: 240 | E6: 250 | F6: 260
A7: Product F | B7: 130 | C7: 140 | D7: 150 | E7: 160 | F7: 170
