Workbook

Sheet SalesData 
A1: ProductID | B1: Product | C1: Sales | D1: Target | E1: Region
A2: 101 | B2: Product A | C2: 120 | D2: 150 | E2: North
A3: 102 | B3: Product B | C3: 150 | D3: 140 | E3: South
A4: 103 | B4: Product C | C4: 200 | D4: 200 | E4: East
A5: 104 | B5: Product D | C5: 90 | D5: 100 | E5: West
A6: 105 | B6: Product E | C6: 220 | D6: 210 | E6: North
A7: 106 | B7: Product F | C7: 130 | D7: 160 | E7: South

Sheet Task-1
A1: 1. Use the IF function to evaluate whether each product met its sales target.
A3: =IF('SalesData '!C2>='SalesData '!D2,"MET","NOT MET") -> NOT MET
A4: =IF('SalesData '!C3>='SalesData '!D3,"MET","NOT MET") -> MET
A5: =IF('SalesData '!C4>='SalesData '!D4,"MET","NOT MET") -> MET
A6: =IF('SalesData '!C5>='SalesData '!D5,"MET","NOT MET") -> NOT MET
A7: =IF('SalesData '!C6>='SalesData '!D6,"MET","NOT MET") -> MET
A8: =IF('SalesData '!C7>='SalesData '!D7,"MET","NOT MET") -> NOT MET

Sheet Task-2
A1: 2. Use the IF function to determine if a product is eligible for a regional bonus. Products in the "North" region with sales over 200 are eligible.
A4: =IF(AND('SalesData '!E2="North",'SalesData '!C2>200),"Eligible", "Not eligible") -> Not eligible
A5: =IF(AND('SalesData '!E3="North",'SalesData '!C3>200),"Eligible", "Not eligible") -> Not eligible
A6: =IF(AND('SalesData '!E4="North",'SalesData '!C4>200),"Eligible", "Not eligible") -> Not eligible
A7: =IF(AND('SalesData '!E5="North",'SalesData '!C5>200),"Eligible", "Not eligible") -> Not eligible
A8: =IF(AND('SalesData '!E6="North",'SalesData '!C6>200),"Eligible", "Not eligible") -> Eligible
A9: =IF(AND('SalesData '!E7="North",'SalesData '!C7>200),"Eligible", "Not eligible") -> Not eligible

Sheet Task-3
A1: 3. Use nested IF functions to assign a commission rate based on sales. Sales >= 200 get a 10% commission, sales >= 150 get a 7%
A4: =IF('SalesData '!C2>=200,0.1,IF('SalesData '!C2>=150,0.07,0.05)) -> 0.05
A5: =IF('SalesData '!C3>=200,0.1,IF('SalesData '!C3>=150,0.07,0.05)) -> 0.07
A6: =IF('SalesData '!C4>=200,0.1,IF('SalesData '!C4>=150,0.07,0.05)) -> 0.1
A7: =IF('SalesData '!C5>=200,0.1,IF('SalesData '!C5>=150,0.07,0.05)) -> 0.05
A8: =IF('SalesData '!C6>=200,0.1,IF('SalesData '!C6>=150,0.07,0.05)) -> 0.1
A9: =IF('SalesData '!C7>=200,0.1,IF('SalesData '!C7>=150,0.07,0.05)) -> 0.05

Sheet Task-4
A1: 4. Use the IF function to calculate a bonus amount. If sales met or exceeded the target, the bonus is 10% of the sales; otherwise, it's 5%.
A3: =IF('SalesData '!C2>'SalesData '!D2,'SalesData '!C2*0.1,'SalesData '!C2*0.05) -> 6
A4: =IF('SalesData '!C3>'SalesData '!D3,'SalesData '!C3*0.1,'SalesData '!C3*0.05) -> 15
A5: =IF('SalesData '!C4>'SalesData '!D4,'SalesData '!C4*0.1,'SalesData '!C4*0.05) -> 10
A6: =IF('SalesData '!C5>'SalesData '!D5,'SalesData '!C5*0.1,'SalesData '!C5*0.05) -> 4.5
A7: =IF('SalesData '!C6>'SalesData '!D6,'SalesData '!C6*0.1,'SalesData '!C6*0.05) -> 22
A8: =IF('SalesData '!C7>'SalesData '!D7,'SalesData '!C7*0.1,'SalesData '!C7*0.05) -> 6.5

Sheet Task-5
J1: 5. Use the IF function to categorize sales performance as "Excellent" (>=200), "Good" (>=150), or "Needs Improvement" (
J3: =IF('SalesData '!C2>=200,"Excellent",IF('SalesData '!C2>=150,"Good"," Needs Improvement")) -> Needs Improvement
J4: =IF('SalesData '!C3>=200,"Excellent",IF('SalesData '!C3>=150,"Good"," Needs Improvement")) -> Good
J5: =IF('SalesData '!C4>=200,"Excellent",IF('SalesData '!C4>=150,"Good"," Needs Improvement")) -> Excellent
J6: =IF('SalesData '!C5>=200,"Excellent",IF('SalesData '!C5>=150,"Good"," Needs Improvement")) -> Needs Improvement
J7: =IF('SalesData '!C6>=200,"Excellent",IF('SalesData '!C6>=150,"Good"," Needs Improvement")) -> Excellent
J8: =IF('SalesData '!C7>=200,"Excellent",IF('SalesData '!C7>=150,"Good"," Needs Improvement")) -> Needs Improvement

Sheet Task-6
A1: 6. Use the IF function to assign a price tier based on the sales value. "High" for sales > 200, "Medium" for sales between 100 and 200, and "Low" for sales < 100.
A3: =IF('SalesData '!C2>200,"High",IF('SalesData '!C2,"Medium","Low")) -> Medium
A4: =IF('SalesData '!C3>200,"High",IF('SalesData '!C3,"Medium","Low")) -> Medium
A5: =IF('SalesData '!C4>200,"High",IF('SalesData '!C4,"Medium","Low")) -> Medium
A6: =IF('SalesData '!C5>200,"High",IF('SalesData '!C5,"Medium","Low")) -> Medium
A7: =IF('SalesData '!C6>200,"High",IF('SalesData '!C6,"Medium","Low")) -> High
A8: =IF('SalesData '!C7>200,"High",IF('SalesData '!C7,"Medium","Low")) -> Medium

Sheet Task-7
A1: 7. Use the IF function to calculate the year-end bonus. If sales >= 150 and region is "North", the bonus is $500, otherwise, it's $300.
A3: =IF(AND('SalesData '!C2>=150,'SalesData '!E2="North"),500,300) -> 300
A4: =IF(AND('SalesData '!C3>=150,'SalesData '!E3="North"),500,300) -> 300
A5: =IF(AND('SalesData '!C4>=150,'SalesData '!E4="North"),500,300) -> 300
A6: =IF(AND('SalesData '!C5>=150,'SalesData '!E5="North"),500,300) -> 300
A7: =IF(AND('SalesData '!C6>=150,'SalesData '!E6="North"),500,300) -> 500
A8: =IF(AND('SalesData '!C7>=150,'SalesData '!E7="North"),500,300) -> 300

Sheet Task-8
A1: 8. Use the IF function to mark high performers. A product is a high performer if its sales are in the top 25% of all sales.
A3: =IF('SalesData '!C2>=_xlfn.PERCENTILE.INC('SalesData '!$C$2:$C$7,0.75),"High Performer","")
A4: =IF('SalesData '!C3>=_xlfn.PERCENTILE.INC('SalesData '!$C$2:$C$7,0.75),"High Performer","Not High perfomer") -> Not High perfomer
A5: =IF('SalesData '!C4>=_xlfn.PERCENTILE.INC('SalesData '!$C$2:$C$7,0.75),"High Performer","Not High perfomer") -> High Performer
A6: =IF('SalesData '!C5>=_xlfn.PERCENTILE.INC('SalesData '!$C$2:$C$7,0.75),"High Performer","Not High perfomer") -> Not High perfomer
A7: =IF('SalesData '!C6>=_xlfn.PERCENTILE.INC('SalesData '!$C$2:$C$7,0.75),"High Performer","Not High perfomer") -> High Performer
A8: =IF('SalesData '!C7>=_xlfn.PERCENTILE.INC('SalesData '!$C$2:$C$7,0.75),"High Performer","Not High perfomer") -> Not High perfomer
