Workbook

Sheet Products
A1: ProductID | B1: Product Name | C1: Price
A2: 101 | B2: Product A | C2: 120
A3: 102 | B3: Product B | C3: 150
A4: 103 | B4: Product C | C4: 200
A5: 104 | B5: Product D | C5: 90
A6: 105 | B6: Product E | C6: 220
A7: 106 | B7: Product F | C7: 130

Sheet Orders
A1: OrderID | B1: ProductID | C1: Quantity
A2: 1 | B2: 101 | C2: 2
A3: 2 | B3: 103 | C3: 1
A4: 3 | B4: 105 | C4: 4
A5: 4 | B5: 106 | C5: 3
A6: 5 | B6: 102 | C6: 5
A7: 6 | B7: 104 | C7: 6

Sheet Q1_ProductName
A1: OrderID | B1: ProductID | C1: Quantity | D1: Product Name
A2: =Orders!A2 -> 1 | B2: =Orders!B2 -> 101 | C2: =Orders!C2 -> 2 | D2: =VLOOKUP(B2,Products!A:C,2,FALSE) -> Product A
A3: =Orders!A3 -> 2 | B3: =Orders!B3 -> 103 | C3: =Orders!C3 -> 1 | D3: =VLOOKUP(B3,Products!A:C,2,FALSE) -> Product C
A4: =Orders!A4 -> 3 | B4: =Orders!B4 -> 105 | C4: =Orders!C4 -> 4 | D4: =VLOOKUP(B4,Products!A:C,2,FALSE) -> Product E
A5: =Orders!A5 -> 4 | B5: =Orders!B5 -> 106 | C5: =Orders!C5 -> 3 | D5: =VLOOKUP(B5,Products!A:C,2,FALSE) -> Product F
A6: =Orders!A6 -> 5 | B6: =Orders!B6 -> 102 | C6: =Orders!C6 -> 5 | D6: =VLOOKUP(B6,Products!A:C,2,FALSE) -> Product B
A7: =Orders!A7 -> 6 | B7: =Orders!B7 -> 104 | C7: =Orders!C7 -> 6 | D7: =VLOOKUP(B7,Products!A:C,2,FALSE) -> Product D

Sheet Q2_TotalPrice
A1: OrderID | B1: ProductID | C1: Quantity | D1: Price | E1: TotalPrice
A2: =Orders!A2 -> 1 | B2: =Orders!B2 -> 101 | C2: =Orders!C2 -> 2 | D2: =VLOOKUP(B2,Products!A:C,3,FALSE) -> 120 | E2: =C2*D2 -> 240
A3: =Orders!A3 -> 2 | B3: =Orders!B3 -> 103 | C3: =Orders!C3 -> 1 | D3: =VLOOKUP(B3,Products!A:C,3,FALSE) -> 200 | E3: =C3*D3 -> 200
A4: =Orders!A4 -> 3 | B4: =Orders!B4 -> 105 | C4: =Orders!C4 -> 4 | D4: =VLOOKUP(B4,Products!A:C,3,FALSE) -> 220 | E4: =C4*D4 -> 880
A5: =Orders!A5 -> 4 | B5: =Orders!B5 -> 106 | C5: =Orders!C5 -> 3 | D5: =VLOOKUP(B5,Products!A:C,3,FALSE) -> 130 | E5: =C5*D5 -> 390
A6: =Orders!A6 -> 5 | B6: =Orders!B6 -> 102 | C6: =Orders!C6 -> 5 | D6: =VLOOKUP(B6,Products!A:C,3,FALSE) -> 150 | E6: =C6*D6 -> 750
A7: =Orders!A7 -> 6 | B7: =Orders!B7 -> 104 | C7: =Orders!C7 -> 6 | D7: =VLOOKUP(B7,Products!A:C,3,FALSE) -> 90 | E7: =C7*D7 -> 540

Sheet Q3_CheckID
A1: ProductID | B1: Status
A2: =Orders!B2 -> 101 | B2: =IF(ISNA(VLOOKUP(A2,Products!A:A,1,FALSE)),"Not Found","Found") -> Found
A3: =Orders!B3 -> 103 | B3: =IF(ISNA(VLOOKUP(A3,Products!A:A,1,FALSE)),"Not Found","Found") -> Found
A4: =Orders!B4 -> 105 | B4: =IF(ISNA(VLOOKUP(A4,Products!A:A,1,FALSE)),"Not Found","Found") -> Found
A5: =Orders!B5 -> 106 | B5: =IF(ISNA(VLOOKUP(A5,Products!A:A,1,FALSE)),"Not Found","Found") -> Found
A6: =Orders!B6 -> 102 | B6: =IF(ISNA(VLOOKUP(A6,Products!A:A,1,FALSE)),"Not Found","Found") -> Found
A7: =Orders!B7 -> 104 | B7: =IF(ISNA(VLOOKUP(A7,Products!A:A,1,FALSE)),"Not Found","Found") -> Found

Sheet Q4_Discount
A1: ProductID | B1: Original Price | C1: Discounted Price
A2: =Orders!B2 -> 101 | B2: =VLOOKUP(A2,Products!A:C,3,FALSE) -> 120 | C2: =B2*0.9 -> 108
A3: =Orders!B3 -> 103 | B3: =VLOOKUP(A3,Products!A:C,3,FALSE) -> 200 | C3: =B3*0.9 -> 180
A4: =Orders!B4 -> 105 | B4: =VLOOKUP(A4,Products!A:C,3,FALSE) -> 220 | C4: =B4*0.9 -> 198
A5: =Orders!B5 -> 106 | B5: =VLOOKUP(A5,Products!A:C,3,FALSE) -> 130 | C5: =B5*0.9 -> 117
A6: =Orders!B6 -> 102 | B6: =VLOOKUP(A6,Products!A:C,3,FALSE) -> 150 | C6: =B6*0.9 -> 135
A7: =Orders!B7 -> 104 | B7: =VLOOKUP(A7,Products!A:C,3,FALSE) -> 90 | C7: =B7*0.9 -> 81

Sheet Q5_MaxOrder
A1: ProductID | B1: Order Value
A2: =Orders!B2 -> 101 | B2: =Orders!C2*VLOOKUP(A2,Products!A:C,3,FALSE) -> 240
A3: =Orders!B3 -> 103 | B3: =Orders!C3*VLOOKUP(A3,Products!A:C,3,FALSE) -> 200
A4: =Orders!B4 -> 105 | B4: =Orders!C4*VLOOKUP(A4,Products!A:C,3,FALSE) -> 880
A5: =Orders!B5 -> 106 | B5: =Orders!C5*VLOOKUP(A5,Products!A:C,3,FALSE) -> 390
A6: =Orders!B6 -> 102 | B6: =Orders!C6*VLOOKUP(A6,Products!A:C,3,FALSE) -> 750
A7: =Orders!B7 -> 104 | B7: =Orders!C7*VLOOKUP(A7,Products!A:C,3,FALSE) -> 540
A8: Maximum Order Value | B8: =MAX(B2:B7) -> 880

Sheet Q6_NotOrdered
A1: ProductID | B1: Status
A2: =Products!A2 -> 101 | B2: =IF(ISNA(VLOOKUP(A2,Orders!B:B,1,FALSE)),"Not Ordered","Ordered") -> Ordered
A3: =Products!A3 -> 102 | B3: =IF(ISNA(VLOOKUP(A3,Orders!B:B,1,FALSE)),"Not Ordered","Ordered") -> Ordered
A4: =Products!A4 -> 103 | B4: =IF(ISNA(VLOOKUP(A4,Orders!B:B,1,FALSE)),"Not Ordered","Ordered") -> Ordered
A5: =Products!A5 -> 104 | B5: =IF(ISNA(VLOOKUP(A5,Orders!B:B,1,FALSE)),"Not Ordered","Ordered") -> Ordered
A6: =Products!A6 -> 105 | B6: =IF(ISNA(VLOOKUP(A6,Orders!B:B,1,FALSE)),"Not Ordered","Ordered") -> Ordered
A7: =Products!A7 -> 106 | B7: =IF(ISNA(VLOOKUP(A7,Orders!B:B,1,FALSE)),"Not Ordered","Ordered") -> Ordered

Sheet Q7_TotalQty
A1: ProductID | B1: Product Name | C1: Total Quantity Sold
A2: =Products!A2 -> 101 | B2: =Products!B2 -> Product A | C2: =SUMIF(Orders!B:B,A2,Orders!C:C) -> 2
A3: =Products!A3 -> 102 | B3: =Products!B3 -> Product B | C3: =SUMIF(Orders!B:B,A3,Orders!C:C) -> 5
A4: =Products!A4 -> 103 | B4: =Products!B4 -> Product C | C4: =SUMIF(Orders!B:B,A4,Orders!C:C) -> 1
A5: =Products!A5 -> 104 | B5: =Products!B5 -> Product D | C5: =SUMIF(Orders!B:B,A5,Orders!C:C) -> 6
A6: =Products!A6 -> 105 | B6: =Products!B6 -> Product E | C6: =SUMIF(Orders!B:B,A6,Orders!C:C) -> 4
A7: =Products!A7 -> 106 | B7: =Products!B7 -> Product F | C7: =SUMIF(Orders!B:B,A7,Orders!C:C) -> 3
